名字,url,关注数,粉丝数,微博数
腾讯视频,https://weibo.com/ilovevideo,3181,14521481,96791
腾讯体育,https://weibo.com/tengxuntiyu,391,3356263,48604
腾讯微信团队,https://weibo.com/weixinteam,44,575986,1184
腾讯视频VIP,https://weibo.com/hollywoodtheatre,797,2053835,29438
腾讯综艺,https://weibo.com/remendezongyi,1712,4143565,40140
腾讯微视,https://weibo.com/u/6479255096,1331,1743984,13803
腾讯公司,https://weibo.com/tencent,194,825672,1214
腾讯电视剧,https://weibo.com/u/3752699924,602,1637594,25001
腾讯NintendoSwitch,https://weibo.com/u/7229718199,14,340608,272
腾讯新闻出品,https://weibo.com/tengxunxinwen,317,601091,8080
腾讯视频拜托了冰箱,https://weibo.com/u/5687925374,305,1510591,5436
腾讯动漫,https://weibo.com/u/5203786516,877,1221753,15750
腾讯视频明日之子,https://weibo.com/u/6092234294,405,1921901,7884
腾讯视频Beauty小姐,https://weibo.com/u/6751224464,95,619252,1394
腾讯新闻,https://weibo.com/u/2806170583,403,661999,18986
腾讯视频娱乐,https://weibo.com/u/6426064539,764,720946,14220
腾讯视频创造营2020,https://weibo.com/u/7401796719,144,734471,2030
和陌生人说话-腾讯新闻,https://weibo.com/hmsrsh,269,174771,760
腾讯视频创造101,https://weibo.com/u/6421853571,153,1711233,1861
腾讯娱乐,https://weibo.com/u/3182423937,1452,516715,10019
腾讯游戏,https://weibo.com/u/3604205173,596,1722273,5670
腾讯电竞,https://weibo.com/u/6062063357,1232,1422716,10433
腾讯电影,https://weibo.com/qqmovies,579,1445240,19772
腾讯超级影视VIP,https://weibo.com/u/6510949403,834,3549115,10730
腾讯NBA,https://weibo.com/u/5885931990,278,675008,21507
腾讯影业,https://weibo.com/tencentpictures,464,1635266,5152
腾讯WeGame,https://weibo.com/u/6068787464,116,396391,886
腾讯视频WeTV,https://weibo.com/wetvvip,112,293017,1710
谷雨-腾讯新闻,https://weibo.com/guyustory,382,108862,1300
腾讯地图,https://weibo.com/SOSOmap,427,2062637,8588
腾讯视频放开我北鼻,https://weibo.com/fangkaiwobaby,170,1032927,3071
腾讯视频德云斗笑社,https://weibo.com/u/7404007893,56,407742,1561
腾讯微信读书,https://weibo.com/u/5688848952,286,146399,1720
腾讯视频让生活好看,https://weibo.com/u/7415663508,19,673415,806
腾讯视频doki,https://weibo.com/qqvstar,1212,360510,14007
腾讯QQ,https://weibo.com/tencentmobileqq,215,367560,1926
腾讯视频心动的信号,https://weibo.com/xindongdexinhao,77,457448,2840
腾讯新闻十三邀,https://weibo.com/tencent131,97,99226,654
棱镜深网-腾讯新闻,https://weibo.com/zhengpianqq,302,90479,4528
腾讯视频创造营2019,https://weibo.com/u/3156477622,141,1521711,1885
腾讯视频令人心动的offer,https://weibo.com/u/7202417878,50,642822,2147
腾讯视频音乐,https://weibo.com/tencentmusic,1571,764996,19097
腾讯视频脑力男人时代,https://weibo.com/areumormal2016,259,864111,1824
腾讯新闻财约你,https://weibo.com/caiyueni,354,421150,13119
腾讯视频演员请就位,https://weibo.com/u/6178982795,144,1700083,2109
大家-腾讯新闻,https://weibo.com/tencentdajia,588,102049,9883
腾讯美食,https://weibo.com/u/6172745943,95,226034,1218
腾讯新闻好雨知时工作室,https://weibo.com/haoyuzhishi,159,498209,1103
腾讯游戏安全中心,https://weibo.com/u/6160862917,287,462053,4806
腾讯A咖时尚,https://weibo.com/Akashishang,655,585178,3637
腾讯时尚,https://weibo.com/u/6011462323,719,1310919,16644
腾讯视频超新星运动会,https://weibo.com/u/6718935571,407,295200,2319
腾讯电脑管家,https://weibo.com/qqpcmgr,718,1585726,15459
腾讯手机管家,https://weibo.com/txmanager,429,2412651,14238
腾讯视频约吧大明星,https://weibo.com/u/5797544882,140,730710,1843
腾讯CBA,https://weibo.com/tencentbasketball,479,452711,22613
腾讯视频幸福三重奏,https://weibo.com/u/6433852874,51,179662,2196
腾讯视频奇遇人生,https://weibo.com/u/6626714051,41,346153,880
腾讯视频动漫,https://weibo.com/u/3889146127,579,120623,6028
腾讯课堂,https://weibo.com/tencentketang,370,91531,1280
